IdentificativiOfferta_PIVA_UTENTE;IdentificativiOfferta_COD_OFFERTA;DettaglioOfferta_TIPO_MERCATO;DettaglioOfferta_TIPO_CLIENTE;DettaglioOfferta_TIPO_OFFERTA;DettaglioOfferta_TIPOLOGIA_ATT_CONTR;DettaglioOfferta_NOME_OFFERTA;DettaglioOfferta_DESCRIZIONE;DettaglioOfferta_DURATA;DettaglioOfferta_GARANZIE;DettaglioOfferta_ModalitaAttivazione_MODALITA;DettaglioOfferta_Contatti_TELEFONO;DettaglioOfferta_Contatti_URL_SITO_VENDITORE;DettaglioOfferta_Contatti_URL_OFFERTA;RiferimentiPrezzoEnergia_IDX_PREZZO_ENERGIA;ValiditaOfferta_DATA_INIZIO;ValiditaOfferta_DATA_FINE;OffertaDual_OFFERTE_CONGIUNTE_EE;OffertaDual_OFFERTE_CONGIUNTE_GAS;MetodoPagamento_0_MODALITA_PAGAMENTO;MetodoPagamento_1_MODALITA_PAGAMENTO;MetodoPagamento_2_MODALITA_PAGAMENTO;MetodoPagamento_2_DESCRIZIONE;CondizioniContrattuali_0_TIPOLOGIA_CONDIZIONE;CondizioniContrattuali_0_DESCRIZIONE;CondizioniContrattuali_0_LIMITANTE;CondizioniContrattuali_1_TIPOLOGIA_CONDIZIONE;CondizioniContrattuali_1_DESCRIZIONE;CondizioniContrattuali_1_LIMITANTE;CondizioniContrattuali_2_TIPOLOGIA_CONDIZIONE;CondizioniContrattuali_2_DESCRIZIONE;CondizioniContrattuali_2_LIMITANTE;DettaglioOfferta_DOMESTICO_RESIDENTE;DettaglioOfferta_OFFERTA_SINGOLA;DettaglioOfferta_TIPOLOGIA_ATT_CONTR_0;DettaglioOfferta_TIPOLOGIA_ATT_CONTR_1;DettaglioOfferta_TIPOLOGIA_ATT_CONTR_2;DettaglioOfferta_TIPOLOGIA_ATT_CONTR_3;MetodoPagamento_3_MODALITA_PAGAMENTO;MetodoPagamento_4_MODALITA_PAGAMENTO;MetodoPagamento_4_DESCRIZIONE;CondizioniContrattuali_TIPOLOGIA_CONDIZIONE;CondizioniContrattuali_DESCRIZIONE;CondizioniContrattuali_LIMITANTE;ZoneOfferta_REGIONE;DettaglioOfferta_ModalitaAttivazione_MODALITA_0;DettaglioOfferta_ModalitaAttivazione_MODALITA_1;DettaglioOfferta_ModalitaAttivazione_MODALITA_2;DettaglioOfferta_ModalitaAttivazione_DESCRIZIONE;CondizioniContrattuali_3_TIPOLOGIA_CONDIZIONE;CondizioniContrattuali_3_DESCRIZIONE;CondizioniContrattuali_3_LIMITANTE;CondizioniContrattuali_2_ALTRO;CondizioniContrattuali_1_ALTRO;CaratteristicheOfferta_CONSUMO_MIN;CaratteristicheOfferta_CONSUMO_MAX;MetodoPagamento_3_DESCRIZIONE;TipoPrezzo_TIPOLOGIA_FASCE;Dispacciamento_TIPO_DISPACCIAMENTO;Dispacciamento_VALORE_DISP;Dispacciamento_NOME;CondizioniContrattuali_ALTRO;Sconto_NOME;Sconto_DESCRIZIONE;Sconto_VALIDITA;Sconto_TIPO_SCONTO;Sconto_IVA_SCONTO;Sconto_Condizione_CONDIZIONE_APPLICAZIONE;Sconto_Condizione_DESCRIZIONE_CONDIZIONE;Sconto_PrezziSconto_TIPOLOGIA;Sconto_PrezziSconto_VALIDO_DA;Sconto_PrezziSconto_VALIDO_FINO;Sconto_PrezziSconto_UNITA_MISURA;Sconto_PrezziSconto_PREZZO;ZoneOfferta_PROVINCIA;MetodoPagamento_MODALITA_PAGAMENTO
01275310199;ASPME_DFIB004_2207PPM;03;02;02;99;CHIARA DUAL VARIABILE;CHIARA DUAL VARIABILE;12;Nessuna Garanzia;02;800292433;www.aspmenergia.com;www.aspmenergia.com;01;19/07/2022_00:00:00;10/10/2022_23:59:59;ASPME_DFIB004_2207PUM;ASPME_DFIB004_2207PSV;01;04;99;Bonifico bancario;01;Le condizioni economiche riportate sono applicate alla somministrazione di gas naturale ed energia elettrica. Le condizioni e i termini di cui al presente documento prevalgono sulle previsioni di cui alle Condizioni Generali, dove discordanti.;02;03;Il Cliente potra' recedere dal contratto mediante raccomandata A/R o mail info@aspmenergia.com, o richiesta di switch.;02;04;Tutti i corrispettivi riportati saranno applicati per un periodo di 12 mesi e sono da intendersi al netto delle imposte. Prima dello scadere del secondo anno di fornitura, ASPM ENERGIA SRL potra' comunicare i nuovi valori dei corrispettivi con effetto a decorrere dal primo giorno del quarto mese successivo a quello di comunicazione secondo quanto specificato nelle Condizioni Generali. Ove ASPM ENERGIA SRL non comunicasse i nuovi valori almeno 90 giorni prima della scadenza del periodo di applicabilita' dei corrispettivi allora vigenti, questi continueranno a trovare applicazione per i successivi 12 mesi.;02;;;;;;;;;;;;;;;;;;;;;;;;;;;;;;;;;;;;;;;;;;;;
01275310199;ASPME_DFID004_2207PPM;03;01;02;99;CHIARA DUAL VARIABILE;CHIARA DUAL VARIABILE;12;Nessuna Garanzia;02;800292433;www.aspmenergia.com;www.aspmenergia.com;01;19/07/2022_00:00:00;10/10/2022_23:59:59;ASPME_DFID004_2207PUM;ASPME_DFID004_2207PSV;01;04;99;Bonifico bancario;01;Le condizioni economiche riportate sono applicate alla somministrazione di gas naturale ed energia elettrica. Le condizioni e i termini di cui al presente documento prevalgono sulle previsioni di cui alle Condizioni Generali, dove discordanti.;02;03;Il Cliente potra' recedere dal contratto mediante raccomandata A/R o mail info@aspmenergia.com, o richiesta di switch.;02;04;Tutti i corrispettivi riportati saranno applicati per un periodo di 12 mesi e sono da intendersi al netto delle imposte. Prima dello scadere del secondo anno di fornitura, ASPM ENERGIA SRL potra' comunicare i nuovi valori dei corrispettivi con effetto a decorrere dal primo giorno del quarto mese successivo a quello di comunicazione secondo quanto specificato nelle Condizioni Generali. Ove ASPM ENERGIA SRL non comunicasse i nuovi valori almeno 90 giorni prima della scadenza del periodo di applicabilita' dei corrispettivi allora vigenti, questi continueranno a trovare applicazione per i successivi 12 mesi.;02;03;;;;;;;;;;;;;;;;;;;;;;;;;;;;;;;;;;;;;;;;;;;
02078510423;DIND1A0322-20220722;03;01;01;;DINAMICA LUCE E GAS;Con Dinamica Luce e Gas hai una tariffa sempre allineata con l���andamento dei prezzi di mercato, per te uno sconto del 15% per il primo anno e del 35% il secondo anno  sul corrispettivo di intermediazione.  | Possibilit�� di ricevere fatture mensili da dicembre a marzo con l���opzione inverno. | Total Green: utilizzo gratuito di gas verde ed energia elettrica prodotta da fonti rinnovabili, bollette in formato elettronico, aiutando cos�� a consumare meno carta.;24;NO;02;800992627;https://www.asteaenergia.it/;;;11/08/2022_14:00:00;20/10/2022_23:59:59;DINE1A0322-001-20220722;DING1A0322-001-20220722;01;02;03;;;;;;;;;;;;NO;01;02;03;04;04;99;Bonifico bancario,Lottoma;01;Attivazione;02;11;;;;;;;;;;;;;;;;;;;;;;;;;;;;;;;
01141160992;D220911_P327G328;03;01;02;99;PULSEE LUCE E GAS PER TE INDEX Index;Offerta a prezzo indicizzato, ideale per un utilizzo prevalente dell'energia durante la sera e i weekend, con la comodità di gestire luce e gas con un unico fornitore. L'energia fornita alla tua abitazione sarà valorizzata applicando ai tuoi consumi il prezzo indicizzato definito nell'offerta. Gli altri corrispettivi potranno subire indicizzazioni e/o variazioni in base a provvedimenti dell'ARERA. Incluso nell'offerta servizio di assistenza dedicata tramite numero verde, Facebook Messenger e Whatsapp;-1;nessuna;;800620520;https://www.pulsee.it;;01;11/09/2022_12:00:00;30/09/2022_11:59:59;PULSEE_PBO26409_2209PUM;PULSEE_G26407_2209PSV;01;03;;;01;La data di attivazione della fornitura verrà indicata sulla lettera di benvenuto (welcome letter) che verrà inviata al cliente entro 40 giorni dalla sottoscrizione La fornitura di Energia Elettrica e/o di Gas Naturale è condizionata all'attivazione da parte dei soggetti competenti dei servizi di trasporto e dispacciamento dell'Energia Elettrica e/o di trasporto e di distribuzione del Gas Naturale e avviene compatibilmente con l'intervenuta efficacia dei recessi del Cliente verso precedenti fornitori.;01;02;In caso di recesso esercitato per disattivazione del punto di prelievo, sia per energia elettrica che gas naturale il Cliente è tenuto a inviare al fornitore comunicazione scritta a mezzo raccomandata con un preavviso di almeno 1 (uno) mese i rispetto alla decorrenza della disattivazione;01;03;il Cliente può esercitare il diritto di recesso per ripensamento entro 14 giorni dalla data di conclusione del contratto, anche per una sola fornitura, dandone comunicazione al Fornitore a mezzo lettera raccomandata AR, via email a assistenzaclienti.it@axpo.com o via PEC utilizzando l'apposito template messo a disposizione dal Fornitore e scaricabile dal sito internet. Nel caso di recesso per cambio venditore il Cliente rilascia al Fornitore apposita procura a recedere in suo nome e per suo conto dal contratto di fornitura con il fornitore uscente. Nel caso in cui intenda cambiare fornitore, il Cliente domestico può recedere in qualunque momento e senza oneri dal Contratto. Il nuovo fornitore è tenuto all'invio di apposita comunicazione al Sistema Informativo Integrato - SII Nel caso di recesso per motivi diversi dal cambio fornitore (ad esempio per disattivazione del punto), il Cliente invierà comunicazione di recesso nelle forme e con le modalità previste dall'articolo 20 (comunicazioni) al Fornitore. Qualora comunicato entro il giorno 10 del mese di fornitura (mese M), lo switching sarà efficace a partire dal primo giorno del mese successivo (mese M+1). In caso di switching comunicato oltre il giorno 10 del mese di fornitura (mese M), il recesso sarà efficace a partire dal primo giorno del secondo mese di fornitura successivo (M+2). In ogni caso il Fornitore ha facoltà di recedere dal Contratto, per qualunque motivo, dandone comunicazione al Cliente mediante raccomandata, con un termine di preavviso non inferiore a 6 (sei) mesi.;01;;;;;;;;;;;;;;01;05;99;Comparison,Call Center;04;Il Contratto ha durata indeterminata;02;;;;;;;;;;;;;;;;;;;;;;;;
01141160992;D220911_P325G326;03;01;02;99;PULSEE LUCE E GAS RELAX INDEX Index;Offerta a prezzo indicizzato, ideale per un utilizzo prevalente dell'energia durante la sera e i weekend, con la comodità di gestire luce e gas con un unico fornitore. L'energia fornita alla tua abitazione sarà valorizzata applicando ai tuoi consumi il prezzo indicizzato definito nell'offerta. Gli altri corrispettivi potranno subire indicizzazioni e/o variazioni in base a provvedimenti dell'ARERA. Incluso nell'offerta servizio di assistenza dedicata tramite numero verde, Facebook Messenger e Whatsapp;-1;nessuna;;800620520;https://www.pulsee.it;;01;11/09/2022_12:00:00;30/09/2022_11:59:59;PULSEE_PMO26410_2209PUB;PULSEE_G26408_2209PSV;01;03;;;01;La data di attivazione della fornitura verrà indicata sulla lettera di benvenuto (welcome letter) che verrà inviata al cliente entro 40 giorni dalla sottoscrizione La fornitura di Energia Elettrica e/o di Gas Naturale è condizionata all'attivazione da parte dei soggetti competenti dei servizi di trasporto e dispacciamento dell'Energia Elettrica e/o di trasporto e di distribuzione del Gas Naturale e avviene compatibilmente con l'intervenuta efficacia dei recessi del Cliente verso precedenti fornitori.;01;02;In caso di recesso esercitato per disattivazione del punto di prelievo, sia per energia elettrica che gas naturale il Cliente è tenuto a inviare al fornitore comunicazione scritta a mezzo raccomandata con un preavviso di almeno 1 (uno) mese i rispetto alla decorrenza della disattivazione;01;03;il Cliente può esercitare il diritto di recesso per ripensamento entro 14 giorni dalla data di conclusione del contratto, anche per una sola fornitura, dandone comunicazione al Fornitore a mezzo lettera raccomandata AR, via email a assistenzaclienti.it@axpo.com o via PEC utilizzando l'apposito template messo a disposizione dal Fornitore e scaricabile dal sito internet. Nel caso di recesso per cambio venditore il Cliente rilascia al Fornitore apposita procura a recedere in suo nome e per suo conto dal contratto di fornitura con il fornitore uscente. Nel caso in cui intenda cambiare fornitore, il Cliente domestico può recedere in qualunque momento e senza oneri dal Contratto. Il nuovo fornitore è tenuto all'invio di apposita comunicazione al Sistema Informativo Integrato - SII Nel caso di recesso per motivi diversi dal cambio fornitore (ad esempio per disattivazione del punto), il Cliente invierà comunicazione di recesso nelle forme e con le modalità previste dall'articolo 20 (comunicazioni) al Fornitore. Qualora comunicato entro il giorno 10 del mese di fornitura (mese M), lo switching sarà efficace a partire dal primo giorno del mese successivo (mese M+1). In caso di switching comunicato oltre il giorno 10 del mese di fornitura (mese M), il recesso sarà efficace a partire dal primo giorno del secondo mese di fornitura successivo (M+2). In ogni caso il Fornitore ha facoltà di recedere dal Contratto, per qualunque motivo, dandone comunicazione al Cliente mediante raccomandata, con un termine di preavviso non inferiore a 6 (sei) mesi.;01;;;;;;;;;;;;;;01;05;99;Comparison,Call Center;04;Il Contratto ha durata indeterminata;02;;;;;;;;;;;;;;;;;;;;;;;;
04096150281;CACOEGBV03;03;02;02;;ENERGYGATE BUSINESS VARIABILE BIFUEL;La presente offerta e applicabile a tutti Clienti aventi Partita IVA con consumi di gas superiori a 500 smc anno. L offerta e riservata a chi e gia cliente per l acquisto di un prodotto Invent.;12;CAUZIONE COME DA CONTRATTO;99;0421307393;www.ecocasalucegas.it;https://www.ecocasalucegas.it/lucegas-impresa/;14;29/07/2022_14:58:00;10/10/2022_00:00:00;CACOEGBV03L;CACOEGBV03G;01;04;99;BONIFICO BANCARIO;01;La presente offerta e applicabile a tutti Clienti aventi Partita IVA con consumi di gas superiori a 500 smc anno. L offerta e riservata a chi e gia cliente per l acquisto di un prodotto Invent;01;03;In caso di recesso per cambio venditore da parte del Cliente o qualora il Cliente sottoscriva una differente offerta di Invent, Invent non applichera gli eventuali sconti residui.;01;99;All atto dell emissione di una fattura,qualora risultino fatture precedenti non pagate,Invent si riserva il diritto di non procedere al riconoscimento del bonus nella fattura in emissione.;01;;NO;01;03;04;;;;;;;;;;;;CONTATTO EMAIL O INCARICATO;;;;INSOLVENZA;;;;;;;;;;;;;;;;;;;;;;;
04096150281;CACOMMMV04;03;01;02;;ENERGYGATE MASSMARKET VARIABILE BIFUEL;La presente offerta e applicabile esclusivamente ai Clienti domestici. L offerta e riservata a chi e gia cliente per l acquisto di un prodotto venduto da un partner convenzionato Invent.;12;CAUZIONE COME DA CONTRATTO;99;0421307393;www.ecocasalucegas.it;https://www.ecocasalucegas.it/lucegas-famiglia/;14;29/07/2022_14:50:00;10/10/2022_00:00:00;CACOMMMV04L;CACOMMMV04G;01;04;99;BONIFICO BANCARIO;01;La presente offerta e applicabile esclusivamente ai Clienti domestici. L offerta e riservata a chi e gia cliente per l acquisto di un prodotto venduto da un partner convenzionato Invent.;01;99;All atto dell emissione di una fattura,qualora risultino fatture precedenti non pagate,Invent si riserva il diritto di non procedere al riconoscimento del bonus nella fattura in emissione.;01;03;Lo sconto non erogato al termine del periodo di fornitura in caso di recesso da parte del Cliente non dara diritto ad alcun rimborso in denaro;01;;NO;01;03;04;;;;;;;;;;;;CONTATTO MAIL O INCARICATO;;;;;INSOLVENZA;;;;;;;;;;;;;;;;;;;;;;
04096150281;CACOGAV04;03;01;02;;ENERGYGATE VARIABILE BIFUEL;La presente offerta e applicabile a tutti i Clienti domestici. L offerta e riservata a chi e gia cliente per l acquisto di un prodotto Invent.;12;CAUZIONE COME DA CONTRATTO;99;0421307393;www.ecocasalucegas.it;https://www.ecocasalucegas.it/lucegas-famiglia/;14;29/07/2022_14:42:00;10/10/2022_00:00:00;CACOGAV04L;CACOGAV04G;01;04;99;BONIFICO BANCARIO;01;La presente offerta e applicabile a tutti i Clienti domestici. L offerta e riservata a chi e gia cliente per l acquisto di un prodotto Invent.;01;99;All atto dell emissione di una fattura,qualora risultino fatture precedenti non pagate,Invent si riserva il diritto di non procedere al riconoscimento del bonus nella fattura in emissione.;01;03;Lo sconto non erogato al termine del periodo di fornitura in caso di recesso da parte del Cliente non dara diritto ad alcun rimborso in denaro;01;;NO;01;03;04;;;;;;;;;;;;CONTATTO MAIL O INCARICATO;;;;;INSOLVENZA;;;;;;;;;;;;;;;;;;;;;;
03053750166;PWDZEROC;03;01;02;99;DUAL POWER ZERO CONSUMER;GAS - L’offerta valida per tutta la durata contrattuale, applica il prezzo del gas secondo le condizioni economiche regolate del servizio di tutela dell’ARERA, applicato ai quantitativi di gas prelevati dal cliente. LUCE - L’offerta valida per tutta la durata contrattuale, applica il prezzo dell’energia  secondo le condizioni economiche regolate del servizio di maggior tutela dell’ARERA, applicato ai quantitativi di energia elettrica prelevata dal cliente ed è soggetta a variazioni trimestrali. Il prezzo è riferito alla componente energia PE suddivisa per fascia F1,F2F3.;-1;Deposito cauzionale: non applicato;;800642660;https://www.powergas.it/;https://www.powergas.it/offerte/dual-zero-consumer/;02;18/09/2019_00:00:00;31/12/2099_23:59:59;PZLC;PZGC;01;02;04;;;;;;;;;;;01;NO;;;;;99;;;99;Spesa cambio offerta: per il cambio di tipologia di offerta è previsto un costo Una Tantum di €20.00+IVA;01;;03;99;;Agenti commerciali;;;;;;0;0;BONIFICO BANCARIO/POSTALE;91;99;0.01382;PD;Servizi accessori;Spesa gestione pratica;Sconto sulla spesa gestione pratica amministrativa;01;01;01;99;Si applica se il cliente sceglie l'addebito in conto SEPA/RID;01;0;999999999;06;100;;
00338000409;DIND100322-20220722;03;01;01;;DINAMICA LUCE E GAS;Con Dinamica Luce e Gas hai una tariffa sempre allineata con l���andamento dei prezzi di mercato, per te uno sconto del 15% per il primo anno e del 35% il secondo anno  sul corrispettivo di intermediazione. | Total Green: utilizzo gratuito di energia elettrica prodotta da fonti rinnovabili, bollette in formato elettronico, aiutando cos�� a consumare meno carta.;24;NO;02;800900147;http://www.sgrservizi.it;https://www.sgrlucegas.com/offerta/dinamica-luce-e-gas/;;10/08/2022_14:00:00;20/10/2022_23:59:59;DINE100322-001-20220722;DING100322-001-20220722;01;02;03;;;;;;;;;;;;NO;01;02;03;04;04;99;Bonifico bancario,Lottoma;01;Attivazione;02;08;;;;;;;;;;;;;;;;;;;;;;;;;;;;;;041;
12874490159;D1_NELNEGVAR_090922;03;01;02;99;NEXT ENERGY SUNLIGHT DUAL;Offerta dual che prevede la stipula contemporanea delle due offerte Next Energy Sunlight Luce e Next Energy Sunlight Gas.;-1;Pagamento con SDD o Carta di Credito Ricorrente; in caso di pagamento con altra modalità, possibilità di richiesta del deposito cauzionale, calcolato ai sensi del TIV;01;800294333;www.sorgenia.it;offertacasa.sorgenia.it;01;09/09/2022_00:00:00;15/09/2022_23:59:59;D1_RES_NELVAR_090922;D1_RES_NEGVAR_090922;01;02;03;;;;;;;;;;;;;;;;;;;;04;Offerta a prezzo indicizzato;02;;;;;;;;;;;;;;;;;;;;;;;;;;;;;;;;
10879560968;220827GNENSP48LNENSP48;03;01;01;01;NeN Special 48;L'offerta NeN Special 48 è sottoscrivibile dal sito www.nen.it inserendo il codice sconto Offerta48!NeN. NeN propone una rata fissa tutto incluso: in questo modo, il cliente sa in anticipo il totale della spesa annua che andrà a pagare. La rata è diversa per ogni cliente, perché si basa sui consumi; a partire da 3 mesi prima della scadenza dell'anno, NeN avvisa il cliente se la rata subirà un ricalcolo, sulla base della variazione rispetto all'anno precedente. L'offerta NeN non prevede conguagli, ma solo un riadattamento della rata fissa per l'anno successivo. Dal momento della sottoscrizione, il prezzo della materia rimarrà bloccato per 36 mesi. L'energia elettrica acquistata da NeN è prodotta al 100% da centrali idriche, eoliche e solari. L'offerta prevede uno sconto dedicato pari a 4 euro/mese a fornitura (che nel primo anno è pari a 96 euro/anno per entrambe le forniture). Inoltre, grazie all’iniziativa “Azzera la tua rata”, per ogni persona che porti in NeN potrai beneficiare di uno sconto aggiuntivo. Per saperne di più, visita il sito di NeN.;-1;L'offerta non prevede depositi cauzionali. Il pagamento è possibile con domiciliazione bancaria, carta di credito e carta di debito. È inoltre prevista la fruizione della bolletta in formato digitale, sia dall'app NeN che nell'area riservata del sito nen.it.;01;800188525;;https://nen.it/attiva-nen?promoCode=Offerta48!NeN;;27/08/2022_00:00:00;24/09/2022_23:59:59;220827LNeNSP48;220827GNeNSP48;;;;;;;;;;;;;;;NO;;;;;;;;99;nessuna condizione;02;;;;;;;;;;;;;;;;;;nessuna condizione;;;;;;;;;;;;;;01
10879560968;220827GNeNLNeN;03;01;01;01;NeN;NeN propone una rata fissa tutto incluso: in questo modo, il cliente sa in anticipo il totale della spesa annua che andrà a pagare. La rata è diversa per ogni cliente, perché si basa sui consumi; a partire da 3 mesi prima della scadenza dell'anno, NeN avvisa il cliente se la rata subirà un ricalcolo, sulla base della variazione rispetto all'anno precedente. L'offerta NeN non prevede conguagli, ma solo un riadattamento della rata fissa per l'anno successivo. Dal momento della sottoscrizione, il prezzo della materia rimarrà bloccato per 36 mesi. L'energia elettrica acquistata da NeN è prodotta al 100% da centrali idriche, eoliche e solari. Inoltre, grazie all’iniziativa “Azzera la tua rata”, per ogni persona che porti in NeN potrai beneficiare di uno sconto aggiuntivo. Per saperne di più, visita il sito di NeN.;-1;L'offerta non prevede depositi cauzionali. Il pagamento è possibile con domiciliazione bancaria, carta di credito e carta di debito. È inoltre prevista la fruizione della bolletta in formato digitale, sia dall'app NeN che nell'area riservata del sito nen.it.;01;800188525;;https://nen.it/attiva-nen;;27/08/2022_00:00:00;24/09/2022_23:59:59;220827LNeN;220827GNeN;;;;;;;;;;;;;;;NO;;;;;;;;99;nessuna condizione;02;;;;;;;;;;;;;;;;;;nessuna condizione;;;;;;;;;;;;;;01
10879560968;220827GNENSP42LNENSP42;03;01;01;01;NeN Special 42;L'offerta NeN Special 42 è sottoscrivibile dal sito www.nen.it inserendo il codice sconto Special42!NeN. NeN propone una rata fissa tutto incluso: in questo modo, il cliente sa in anticipo il totale della spesa annua che andrà a pagare. La rata è diversa per ogni cliente, perché si basa sui consumi; a partire da 3 mesi prima della scadenza dell'anno, NeN avvisa il cliente se la rata subirà un ricalcolo, sulla base della variazione rispetto all'anno precedente. L'offerta NeN non prevede conguagli, ma solo un riadattamento della rata fissa per l'anno successivo. Dal momento della sottoscrizione, il prezzo della materia rimarrà bloccato per 36 mesi. L'energia elettrica acquistata da NeN è prodotta al 100% da centrali idriche, eoliche e solari. L'offerta prevede uno sconto dedicato pari a 3,5 euro/mese a fornitura (che nel primo anno è pari a 84 euro/anno per entrambe le forniture). Inoltre, grazie all’iniziativa “Azzera la tua rata”, per ogni persona che porti in NeN potrai beneficiare di uno sconto aggiuntivo. Per saperne di più, visita il sito di NeN.;-1;L'offerta non prevede depositi cauzionali. Il pagamento è possibile con domiciliazione bancaria, carta di credito e carta di debito. È inoltre prevista la fruizione della bolletta in formato digitale, sia dall'app NeN che nell'area riservata del sito nen.it.;01;800188525;;https://nen.it/attiva-nen?promoCode=Special42!NeN;;27/08/2022_00:00:00;24/09/2022_23:59:59;220827LNeNSP42;220827GNeNSP42;;;;;;;;;;;;;;;NO;;;;;;;;99;nessuna condizione;02;;;;;;;;;;;;;;;;;;nessuna condizione;;;;;;;;;;;;;;01